{"vector": [[808987, 1, 0], [8258000, 0, 0], [3280000, 0, 0], [455924, 0, 0], [2664000, 0, 0]], "infection_rate": 0.5, "recovery_rate": 0.4, "matrix": [[0.9731864604932581, 0.006947086983459317, 0.006690319161644132, 0.007029534699173478, 0.0067376145214378316], [0.00662694991086329, 0.972933781591793, 0.006581605672940897, 0.006806206768349142, 0.006329996936835926], [0.006911894756489201, 0.006704480662059772, 0.9733291189144757, 0.006650397848683376, 0.006617790436314015], [0.006623084880363983, 0.006726994819631957, 0.006704507492006191, 0.9728537721070358, 0.0069173611864288866], [0.006651609959025501, 0.006687655943055975, 0.006694448758933087, 0.006660088576758042, 0.9733972369189833]]}