{"vector": [[948849, 3, 7], [7950947, 0, 0], [3260535, 0, 0], [620685, 0, 0], [2685886, 0, 0]], "infection_rate": 0.5, "recovery_rate": 0.4, "matrix": [[0.9757572134057375, 0.00605034026845767, 0.006223275158592227, 0.006655978086361327, 0.006450894050579719], [0.005969450551751745, 0.9753986134914727, 0.006664047722239777, 0.006694311176743711, 0.006561078255681789], [0.006168689228069863, 0.006108826326259752, 0.9741429126825633, 0.006660647661259353, 0.006163988077457591], [0.006047080691868324, 0.006421712433817804, 0.00633309758548275, 0.9730229042915199, 0.006530102336713705], [0.0060575661225725904, 0.006020507479991871, 0.006636666851121814, 0.006966158784115836, 0.9742939372795671]]}