{"vector": [[808987, 1, 0], [8258000, 0, 0], [455924, 0, 0], [2664000, 0, 0], [2103000, 0, 0], [8866000, 0, 0], [8866000, 0, 0]], "infection_rate": 0.9, "recovery_rate": 0.4, "matrix": [[0.9597462776586605, 0.006155745908473314, 0.006713338600449363, 0.006094576329428532, 0.0058869459720342935, 0.006745796883343568, 0.006748728244906679], [0.006946608209100334, 0.9612721413166038, 0.0062557873226388875, 0.006412276466009223, 0.006342332590222271, 0.006467679200623393, 0.006844820284390741], [0.006779089619673662, 0.006476795556069967, 0.9607451657362709, 0.006617747162368811, 0.005956792776765939, 0.0062906696672569325, 0.006509922978939517], [0.006697974576035187, 0.006333063869874572, 0.006496286080615423, 0.961673082812794, 0.006310634310988225, 0.006866214020733608, 0.0064159431042876205], [0.0069070487357093605, 0.006530466419967575, 0.006800419236781184, 0.006371726131954827, 0.9627476250695158, 0.006908850918584137, 0.006900577058434136], [0.00644010722650464, 0.006581003025003085, 0.006571707516285501, 0.006120450824973492, 0.006265264319320083, 0.9600664086101272, 0.006710443088636561], [0.006482893974316258, 0.0066507839040074864, 0.0064172955069591205, 0.006710140272471036, 0.006490404961153522, 0.00665438069933122, 0.9598695652404048]]}