{"vector": [[808987, 1, 0], [8258000, 0, 0], [455924, 0, 0], [2664000, 0, 0], [2103000, 0, 0], [8866000, 0, 0], [8866000, 0, 0]], "infection_rate": 0.9, "recovery_rate": 0.4, "matrix": [[0.9614697604367233, 0.006560789653126967, 0.006054933431066315, 0.006667819901014606, 0.006261008427579519, 0.006713386899143141, 0.006710187388993388], [0.006078146564080398, 0.9596727336478592, 0.006580397463551717, 0.006434764446508351, 0.006106722277457721, 0.006528425001083578, 0.006579198679081203], [0.006114782587425282, 0.006493102837842996, 0.9619165625158617, 0.00692931479786322, 0.00601477549336092, 0.006357095673474404, 0.006539927036219353], [0.006612412452947597, 0.006679970975521757, 0.006675141067156124, 0.9596135353189063, 0.0060597531886759344, 0.0069154976988731725, 0.0067661580070767615], [0.0065848683243913625, 0.007039769768823627, 0.006153983187289969, 0.006705330228255892, 0.9633913099743044, 0.006492091529267893, 0.006538312096625572], [0.006621807887492774, 0.007100722719079871, 0.006299134426567727, 0.006972061631508208, 0.006019787953276617, 0.9603495313887587, 0.00688847302654798], [0.006518221746939277, 0.006452910397745553, 0.0063198479085066666, 0.006677173675943559, 0.006146642685344897, 0.006643971809399217, 0.9599777437654557]]}