{"vector": [[808987, 1, 0], [8258000, 0, 0], [455924, 0, 0], [2664000, 0, 0], [2103000, 0, 0], [8866000, 0, 0], [8866000, 0, 0]], "infection_rate": 0.9, "recovery_rate": 0.4, "matrix": [[0.9620628584308747, 0.006499709865824231, 0.00642700524470561, 0.006416395522157594, 0.006390345087733442, 0.006545007090021362, 0.006497498524093808], [0.006410653047181143, 0.9606606415401164, 0.006447727050862839, 0.00644337852610159, 0.006748490538720164, 0.006430457254616118, 0.006359529676559084], [0.006454697936962275, 0.0068959942059320005, 0.960888085502885, 0.006707755220318231, 0.0066825341783589625, 0.006726814011706893, 0.00648652100779115], [0.006040130805109517, 0.0065779055309183885, 0.006547450428977452, 0.9607066259966777, 0.006299897816122489, 0.006737878189763374, 0.0059969412395614935], [0.006280612691175866, 0.006391908487323239, 0.006440221008442386, 0.006532883750334754, 0.9606436996846005, 0.0067062309056333, 0.006576096102467315], [0.006445934508112257, 0.006582080884044534, 0.0067114367792019715, 0.0067028352844060906, 0.006548810295619357, 0.9602050932477287, 0.006529969856389906], [0.006305112580584102, 0.00639175948584146, 0.006538073984924813, 0.0064901257000039275, 0.0066862223988450485, 0.006648519300530091, 0.9615534435931372]]}