{"vector": [[1091384, 8, 28], [7605665, 0, 0], [3241827, 0, 0], [779029, 0, 0], [2748971, 0, 0]], "infection_rate": 0.5, "recovery_rate": 0.4, "matrix": [[0.9734995969677177, 0.006516897847398335, 0.006649617548300221, 0.006839914327218097, 0.006329616348383007], [0.006899172763501931, 0.9733599324037195, 0.007126074786096278, 0.006563473969008961, 0.0062289161039664], [0.0065996143057792875, 0.006568977308520934, 0.9725671443234611, 0.006902878871095399, 0.006441925503600184], [0.006528221024692103, 0.0066095937461542464, 0.006555669022572218, 0.9730485060068397, 0.0059722404673654625], [0.006473394938308965, 0.006944598694207087, 0.0071014943195701575, 0.0066452268258378544, 0.9750273015766848]]}