{"vector": [[808987, 1, 0], [8258000, 0, 0], [3280000, 0, 0], [455924, 0, 0], [2664000, 0, 0]], "infection_rate": 0.5, "recovery_rate": 0.4, "matrix": [[0.9735498969027034, 0.006794113786665882, 0.006271626597797992, 0.006860840844258025, 0.006920717673461625], [0.006622357568953269, 0.972017750280743, 0.006393761898250777, 0.006561618428739105, 0.006545500215905615], [0.006646260733808936, 0.0071548121960416005, 0.9746601602265935, 0.006676744769002458, 0.006913299811059978], [0.006443773697577117, 0.007040984171836503, 0.006608814854094934, 0.9728191351612592, 0.006493077693203904], [0.006737711096957109, 0.006992339564713148, 0.00606563642326284, 0.007081660796741101, 0.9731274046063688]]}