{"vector": [[808987, 1, 0], [8258000, 0, 0], [455924, 0, 0], [2664000, 0, 0], [2103000, 0, 0], [8866000, 0, 0], [8866000, 0, 0]], "infection_rate": 0.9, "recovery_rate": 0.4, "matrix": [[0.9623221744886669, 0.0062288909598012705, 0.006298134835735943, 0.006394167930112597, 0.006311489909099314, 0.00662813256656648, 0.006549972958364015], [0.006162388548882872, 0.962327378583341, 0.006891806910491325, 0.006107987185965394, 0.006299019186790336, 0.006522633488661305, 0.006794444994238896], [0.006473264153887158, 0.006202206622543149, 0.9613353536527586, 0.006523976463098285, 0.00639816882184715, 0.006760309209261911, 0.006655587714704715], [0.006013851577631766, 0.00605689534948465, 0.006270043249662341, 0.9621746458657159, 0.006259638669564891, 0.006928637538077989, 0.00709983010061018], [0.006445724424336562, 0.0063134169759117035, 0.006369146829879768, 0.006192353423725583, 0.9619301235205576, 0.006902912179211477, 0.006473164390418714], [0.006183525464089528, 0.006426380584605153, 0.006278392781510527, 0.006413133628139237, 0.006567219107714221, 0.959710739073335, 0.006543306918174809], [0.006399071342505415, 0.006444830924312864, 0.006557121739961333, 0.006193735503242844, 0.006234340784426701, 0.006546635944885695, 0.9598836929234886]]}